114.29,2022-05-05,inactive,Brunei Darussalam,Saipan,27. Ffordd Tirion,AT
530.77,2022-02-07,inactive,Bahrain,Astana,24. Surrey Lawn,GR
555.05,2022-01-04,,Pitcairn,Ulan Bator,53. Kingsmoor Common,CV
60.71,2022-02-28,inactive,Togo,Nanning,25. Haven Celyn,TL
183.75,2022-03-13,in-delivery,Croatia,Jakarta,9. Culmington,TW
211.85,2022-08-17,active,Brunei Darussalam,Denver,24. Surrey Lawn,FI
462.1,2022-12-28,in-delivery,Portugal,Mandurah,59. Groes Lon,PG
52.97,2022-04-18,active,Saint Helena,San Diego,8. Poplar Green,UM
236.13,2022-10-07,in-delivery,El Salvador,Nagpur,82. Bassett Common,BS
448.99,2022-03-25,,Cayman Islands,Cuiabá,44. Timline Green,SN
145.66,2022-04-07,active,Niger,Apia,5. Rhiwderyn,IL
88.33,2022-09-01,,Germany,Copenhagen,48. Cranbrook Barton,GW
408.1,2022-04-04,active,Egypt,Beirut,83. Lords Celyn,TG
569.38,2022-08-25,inactive,Poland,Miri,93. Enterprise Glen,AE
393.23,2022-12-10,,Samoa,Livingstone,74. Admirals Garden,TR
35.12,2022-08-21,inactive,Netherlands,Dallas,73. Helston Down,VN
131.75,2022-11-04,active,"Korea, Republic of",Boa Vista,97. Napier Glen,NO
108.63,2022-11-26,inactive,Nauru,Skopje,57. Bunten Green,SM
282.02,2022-11-20,,Nigeria,Darwin,5. Rhiwderyn,VA
118.06,2022-08-22,inactive,Kenya,Moscow,13. Plas Gwyn,FI
267.36,2022-02-05,,Sweden,Santo Domingo,4. Marigold Common,HM
164.25,2022-02-08,active,Western Sahara,Kiev,83. Lords Celyn,ES
302.17,2022-11-08,inactive,Seychelles,Iqaluit,62. Glan Ogwen,MW
320.81,2022-03-19,,Belarus,Bandung,83. Lords Celyn,MG
401.71,2022-10-25,,Sudan,Chengdu,84. Barton Turn,DZ
212.92,2022-03-06,in-delivery,South Africa,Aberdeen,25. Haven Celyn,SG
505.73,2022-12-24,in-delivery,Germany,Cannes,48. Cranbrook Barton,MN
258.45,2022-09-28,active,Lebanon,Rio de Janeiro,87. Southgate Town,CN
215.26,2022-04-12,inactive,Seychelles,Toulouse,87. Southgate Town,FM
581.83,2022-02-27,inactive,"Congo, The Democratic Republic of the",Auckland,24. Surrey Lawn,JO
567.63,2022-02-16,,Saint Pierre and Miquelon,Los Angeles,53. Kingsmoor Common,RO
600.63,2022-06-22,in-delivery,Guadeloupe,Lagos,21. Burrell Green,FO
427.02,2022-05-28,active,Saudi Arabia,Namangan,52. Llwyn-Y-Gelynen,UM
188.89,2022-05-20,active,Belize,Moroni,23. Fisher Barton,VN
53.55,2022-11-09,active,Sierra Leone,Shenzhen,50. Goldfinch Haven,CH
222.48,2022-06-02,in-delivery,Guyana,Baku,2. Haddon Loan,PG
140.32,2022-05-30,in-delivery,Israel,Kraków,28. Rye Garden,VN
310.59,2022-01-31,,"Micronesia, Federated States of",Bern,52. Llwyn-Y-Gelynen,LT
263.11,2022-10-28,active,Syrian Arab Republic,Cairo,92. Albert Common,BD
236.34,2022-01-11,active,Burundi,Porto Velho,6. Carey Town,CY
61.2,2022-05-06,active,Niger,Bilbao,98. St Peters Warren,LT
199.31,2022-05-07,,Indonesia,Medellín,47. Sheldare Barton,AO
69.4,2022-07-07,inactive,China,Hanoi,60. Belvoir Loan,PK
519.33,2022-05-13,,Luxembourg,Rockhampton,27. Ffordd Tirion,SV
508.82,2022-05-28,inactive,Guatemala,Ulan Bator,74. Admirals Garden,UY
300.02,2022-10-20,active,Nepal,Port Moresby,30. Stockwell Common,MZ
251.39,2022-01-30,inactive,Morocco,Cockburn Town,77. Greenwood Barton,CI
11.91,2022-07-22,active,Bosnia and Herzegovina,Athens,78. Oxford Celyn,DJ
510.63,2022-01-09,,Somalia,Edinburgh,87. Southgate Town,SY
459.06,2022-11-28,inactive,"Palestinian Territory, Occupied",Kuwait City,76. Wentworth Warren,LK
568.71,2022-12-01,in-delivery,Macao,Shenyang,44. Timline Green,ZA
326.08,2022-05-06,inactive,Bolivia,Las Vegas,28. Rye Garden,JM
57.74,2022-09-29,in-delivery,Trinidad and Tobago,Sofia,26. Whitworth Garden,NE
493.22,2022-04-21,,"Cote D""Ivoire",Nantes,70. Oak Tree Haven,MC
210.96,2022-09-26,in-delivery,Trinidad and Tobago,Concepción,80. Bute Down,RU
364.63,2022-07-14,,Chile,Birmingham,50. Goldfinch Haven,GW
411.83,2022-07-16,,New Zealand,Bern,37. Earls Town,BV
364.4,2022-03-12,inactive,Sweden,Buffalo,70. Oak Tree Haven,DE
464.42,2022-06-29,in-delivery,Jordan,Wuhan,33. Nelson Glen,DE
88.42,2022-03-16,,Guatemala,Makati City,5. Rhiwderyn,LS
286.52,2022-03-07,active,Montserrat,Sri Jayawardenapura-Kotte,99. Lord Down,TH
262.02,2022-01-03,active,Antarctica,Ankara,52. Llwyn-Y-Gelynen,VG
438.08,2022-09-15,,Haiti,Hamburg,55. Laurel Green,TD
475.8,2022-07-18,active,Argentina,Antofagasta,54. Maes Y Dafarn,PR
100.95,2022-03-12,active,"Taiwan, Province of China",Lima,60. Belvoir Loan,FI
519.6,2022-10-07,inactive,Svalbard and Jan Mayen,Nukulaelae,82. Bassett Common,MT
508.91,2022-09-07,active,Papua New Guinea,Addis Ababa,86. Woodhall Green,NA
51.21,2022-09-01,inactive,Thailand,Yakutsk,41. Swan Common,GU
285.29,2022-05-20,in-delivery,Congo,Juneau,100. Hogarth Loan,AF
196.9,2022-08-13,inactive,American Samoa,Koulikoro,14. Fallows Green,SE
380.36,2022-10-13,inactive,Cambodia,Adana,14. Fallows Green,IQ
115.74,2022-09-04,inactive,India,Port Louis,46. Heol-Y-Berllan,AS
565.02,2022-05-16,active,Georgia,Santo Domingo,79. Hilton Down,KP
95.74,2022-03-13,in-delivery,Nigeria,Los Angeles,14. Fallows Green,TZ
246.31,2022-01-08,in-delivery,AndorrA,Las Vegas,62. Glan Ogwen,NU
124.39,2022-04-18,in-delivery,Ethiopia,Suez,3. Stable Green,ZA
570.39,2022-09-23,inactive,Turkmenistan,Tallinn,90. Redcar Green,PM
586.1,2022-09-29,active,Belgium,Semarang,59. Groes Lon,TR
339.14,2022-02-11,inactive,Saint Vincent and the Grenadines,La Serena,50. Goldfinch Haven,KG
281.77,2022-11-04,in-delivery,Sweden,Wuhan,32. Dillichip Loan,CK
53.91,2022-06-04,inactive,Germany,Wollongong,26. Whitworth Garden,SV
199.56,2022-10-21,active,Fiji,Warsaw,56. Northfield Garden,KP
469.98,2022-07-21,active,Uzbekistan,London,95. Oakley Common,ID
332.76,2022-08-09,active,Bermuda,Glasgow,27. Ffordd Tirion,AO
582.02,2022-05-11,in-delivery,Barbados,Medellín,55. Laurel Green,CZ
453.99,2022-12-09,active,Faroe Islands,Luxembourg (city),38. Moat Garden,CZ
434.47,2022-06-14,active,Montserrat,Kunming,16. Vine Warren,SC
130.62,2022-09-04,active,Guinea,Namangan,52. Llwyn-Y-Gelynen,SG
452.57,2022-11-15,,Barbados,Livingstone,48. Cranbrook Barton,TW
495.69,2022-10-12,,Libyan Arab Jamahiriya,Wichita,62. Glan Ogwen,NC
294.72,2022-05-09,,Christmas Island,Miri,61. Ford Common,SL
397.62,2022-09-26,,Pitcairn,Concepción,12. Orion,ES
159.12,2022-06-01,in-delivery,Latvia,Stepanakert,60. Belvoir Loan,AO
274.18,2022-01-05,,Antigua and Barbuda,Mexico City,15. Wisp Green,TK
40.19,2022-06-04,in-delivery,Maldives,Ho Chi Minh City,77. Greenwood Barton,NP
189.2,2022-04-27,in-delivery,United Arab Emirates,Ushuaia,41. Swan Common,BV
390.99,2022-12-04,in-delivery,Zimbabwe,Anchorage,9. Culmington,LK
122.4,2022-07-25,,Falkland Islands (Malvinas),Adana,40. Cypress Barton,SB
295.94,2022-01-10,,Germany,Valdivia,71. Harrison Town,LC
433.41,2022-05-22,inactive,Myanmar,Rochester,87. Southgate Town,GQ
59.53,2022-10-25,,Malawi,Santa Cruz de Tenerife,65. Raglan,TK
260.72,2022-08-01,,Singapore,Lubumbashi,86. Woodhall Green,FJ
561.84,2022-12-05,,Iceland,Tórshavn,5. Rhiwderyn,MY
133.59,2022-08-27,active,Australia,Dibrugarh,72. Brompton Lawn,PF
151.33,2022-06-13,active,"Korea, Republic of",Manama,78. Oxford Celyn,MN
421.54,2022-04-24,active,"Korea, Democratic People""S Republic of",Shenyang,17. Westwood Common,KE
210.01,2022-04-11,inactive,"Palestinian Territory, Occupied",La Paz,60. Belvoir Loan,MO
65.36,2022-10-15,active,El Salvador,Shenyang,10. Ventnor Glen,IR
153.1,2022-03-20,inactive,British Indian Ocean Territory,Cologne,80. Bute Down,GU
487.27,2022-09-28,,Grenada,Iquique,93. Enterprise Glen,CV
498.89,2022-11-14,,Liechtenstein,Nouakchott,43. Britannia Haven,GF
514.72,2022-08-07,inactive,Italy,Magadan,36. Woodstock Town,CX
212.42,2022-08-28,,Yemen,Nukus,45. Chepstow Down,VU
81.7,2022-01-02,,Saint Helena,Mashhad,18. Wright Green,PH
177.26,2022-07-16,active,"Moldova, Republic of",Riverside,71. Harrison Town,KG
120.58,2022-05-11,inactive,Albania,Marrakech,33. Nelson Glen,CL
425.18,2022-09-11,active,Chile,New Delhi,68. King Town,KG
139.07,2022-08-14,in-delivery,Colombia,Mata-Utu,65. Raglan,KW
498.99,2022-03-05,inactive,Syrian Arab Republic,Port Said,18. Wright Green,NG
299.88,2022-10-16,,Kazakhstan,Nanjing,90. Redcar Green,MD
484.1,2022-05-31,inactive,Germany,Changchun,30. Stockwell Common,CC
567.68,2022-06-26,inactive,Bahrain,Castries,46. Heol-Y-Berllan,FI
197.65,2022-01-12,in-delivery,Russian Federation,Yekaterinburg,59. Groes Lon,LU
264.37,2022-03-21,in-delivery,Maldives,Sacramento,1. Mitchell Down,AL
283.73,2022-12-27,inactive,Portugal,Tbilisi,83. Lords Celyn,FI
440.04,2022-04-04,active,Slovakia,Suez,21. Burrell Green,NI
484.92,2022-03-12,,Nicaragua,Assis,67. Loch Striven,AT
440.71,2022-02-06,inactive,Togo,New York City,94. Woodcote Garden,VE
578.15,2022-07-06,in-delivery,Malta,Athens,49. Robin Hood Green,EC
434.71,2022-11-10,active,Burundi,Rabi Island,61. Ford Common,GL
86.28,2022-09-27,inactive,Guinea-Bissau,Riga,58. Chaucer Haven,MG
280.21,2022-09-20,in-delivery,Afghanistan,Cannes,57. Bunten Green,CS
564.02,2022-05-26,,Russian Federation,Bern,70. Oak Tree Haven,PT
444.05,2022-04-08,inactive,United Arab Emirates,Rockhampton,4. Marigold Common,AX
570.6,2022-11-27,inactive,Viet Nam,Abu Dhabi,15. Wisp Green,TT
405.77,2022-02-18,active,Nauru,Bucharest,44. Timline Green,WS
71.7,2022-12-16,inactive,Sri Lanka,Cuiabá,68. King Town,QA
552.36,2022-04-15,,Norway,Port Moresby,51. Billy Row Green,SE
80.94,2022-08-05,active,Lesotho,Milan,34. Cille Bha'nain,PA
461.69,2022-01-14,active,Russian Federation,Majuro,42. Chepstow Green,AD
235.17,2022-10-07,,Seychelles,Longyearbyen,91. Heol Rhosyn,SY
14.97,2022-02-10,inactive,Martinique,Tokyo,54. Maes Y Dafarn,SM
183.61,2022-08-04,active,Italy,Cali,41. Swan Common,KE
22.21,2022-07-15,,Macao,Shenyang,62. Glan Ogwen,AW
253.3,2022-12-29,inactive,Bouvet Island,Cardiff,15. Wisp Green,TG
215.23,2022-04-07,inactive,Swaziland,Cleveland,55. Laurel Green,EH
55.81,2022-10-11,in-delivery,Italy,Reykjavík,15. Wisp Green,CG
501,2022-03-21,inactive,Portugal,Saint-Denis,54. Maes Y Dafarn,BM
481.98,2022-09-27,,Sudan,Damascus,1. Mitchell Down,UG
259.97,2022-02-17,inactive,Guatemala,Nassau,58. Chaucer Haven,EE
367.41,2022-02-24,active,Armenia,Peshawar,19. Potters Haven,AE
491.01,2022-12-18,in-delivery,"Tanzania, United Republic of",Jerusalem,32. Dillichip Loan,BE
523.89,2022-08-18,in-delivery,Montserrat,South Tarawa,5. Rhiwderyn,NI
208.17,2022-07-11,active,Jersey,Nicosia,9. Culmington,MO
50.6,2022-01-02,active,Nauru,Ho Chi Minh City,38. Moat Garden,PF
437.63,2022-06-21,,Libyan Arab Jamahiriya,Antananarivo,52. Llwyn-Y-Gelynen,MN
413.23,2022-03-08,in-delivery,Bahrain,Moroni,41. Swan Common,GH
547.09,2022-09-09,,Holy See (Vatican City State),Faisalabad,20. Petersfield Green,JO
283.23,2022-09-04,,Czech Republic,Tallinn,53. Kingsmoor Common,KM
386.9,2022-08-17,inactive,Vanuatu,Amritsar,77. Greenwood Barton,CD
204.39,2022-03-05,inactive,French Southern Territories,Accra,1. Mitchell Down,JO
132.18,2022-01-03,inactive,Armenia,Cockburn Town,6. Carey Town,ES
287.77,2022-10-02,active,Benin,Magadan,26. Whitworth Garden,TW
54.57,2022-07-10,,Azerbaijan,Caracas,91. Heol Rhosyn,SD
402.26,2022-05-14,in-delivery,Italy,St. Louis,73. Helston Down,DE
31.68,2022-04-24,,Saudi Arabia,Hagåtña,91. Heol Rhosyn,RO
230.47,2022-08-11,in-delivery,Cocos (Keeling) Islands,Riga,11. Minster Common,MH
589.22,2022-05-02,,"Palestinian Territory, Occupied",Casablanca,85. Hilltop Haven,MG
115.86,2022-10-06,,"Iran, Islamic Republic Of",Bloemfontein,6. Carey Town,AD
394.19,2022-03-08,active,El Salvador,Tashkent,77. Greenwood Barton,SE
495.86,2022-07-10,active,Mexico,Ibadan,58. Chaucer Haven,GM
154.1,2022-04-24,,Indonesia,Tijuana,55. Laurel Green,KP
295.49,2022-12-16,active,Estonia,Cusco,83. Lords Celyn,PM
143.52,2022-10-11,active,Solomon Islands,Ponta Delgada,83. Lords Celyn,VC
372.26,2022-02-28,,Barbados,Abuja,16. Vine Warren,GH
299.49,2022-03-15,active,Cocos (Keeling) Islands,Medan,2. Haddon Loan,SG
15.3,2022-05-18,,Dominica,Belmopan,22. Jesmond Town,BE
397.2,2022-11-07,in-delivery,Pitcairn,Sabha,64. Waverley Green,PK
359.02,2022-03-22,inactive,Kyrgyzstan,Seville,20. Petersfield Green,AQ
239.78,2022-03-15,active,Central African Republic,Dalian,21. Burrell Green,GS
438.83,2022-01-17,,Tajikistan,Jersey City,83. Lords Celyn,TF
204.05,2022-03-17,in-delivery,Svalbard and Jan Mayen,Melekeok,54. Maes Y Dafarn,SR
278.08,2022-08-02,active,Myanmar,Vientiane,95. Oakley Common,DK
571.59,2022-06-03,in-delivery,Poland,New Delhi,28. Rye Garden,PT
66.93,2022-04-07,active,RWANDA,Ho Chi Minh City,71. Harrison Town,TM
482.52,2022-03-17,inactive,Maldives,Minneapolis,33. Nelson Glen,ML
113.05,2022-12-31,active,Qatar,Warsaw,67. Loch Striven,DO
115.45,2022-05-01,active,Hungary,Belize City,54. Maes Y Dafarn,ET
345.14,2022-08-20,inactive,Costa Rica,Virginia Beach,81. Sherwood Green,CN
21.41,2022-09-06,in-delivery,Philippines,El Aaiún,36. Woodstock Town,BE
491.63,2022-10-21,in-delivery,Slovenia,Zagreb,68. King Town,PK
56.46,2022-02-04,active,Turkmenistan,Brasília,44. Timline Green,AD
512.88,2022-01-08,active,Kenya,Detroit,19. Potters Haven,RW
341.71,2022-01-23,active,Philippines,Koror,88. Heol Banc Y Felin,CN
139.9,2022-05-06,inactive,Isle of Man,Macau,96. Heol Caerlan,CA
433.63,2022-12-02,active,United States,La Paz,89. Gatley Green,GA
465.76,2022-10-22,in-delivery,Fiji,Córdoba,3. Stable Green,ZA
151.64,2022-12-20,inactive,Russian Federation,Padang,72. Brompton Lawn,CV
593.93,2022-11-06,active,Bosnia and Herzegovina,Accra,59. Groes Lon,MY
582.45,2022-07-21,active,Antarctica,Cologne,62. Glan Ogwen,YT
275.58,2022-11-07,inactive,Finland,Linz,34. Cille Bha'nain,BG
193.96,2022-11-25,inactive,Djibouti,Bogor,12. Orion,AG
208.07,2022-04-16,inactive,Grenada,Monrovia,93. Enterprise Glen,SR
318.13,2022-11-26,,"Micronesia, Federated States of",Port Moresby,11. Minster Common,HN
194.08,2022-12-03,active,Cuba,Rochester,4. Marigold Common,BE
331.26,2022-03-26,inactive,Svalbard and Jan Mayen,Padang,72. Brompton Lawn,PM
26.64,2022-11-21,in-delivery,Uzbekistan,La Serena,68. King Town,PR
471.73,2022-08-22,active,Nauru,Douala,31. Heol Celynnen,SM
90.55,2022-07-04,,Panama,Iqaluit,70. Oak Tree Haven,MQ
239.62,2022-01-10,,Togo,Arequipa,70. Oak Tree Haven,DJ
524.42,2022-01-21,active,Austria,Funafuti,82. Bassett Common,BV
555.61,2022-07-01,in-delivery,"Virgin Islands, British",City of San Marino,100. Hogarth Loan,MD
597.35,2022-02-13,,Ireland,Brussels,80. Bute Down,UG
361.49,2022-02-20,,Pakistan,Bratsk,44. Timline Green,GQ
101.02,2022-02-05,in-delivery,Nigeria,Riyadh,42. Chepstow Green,US
203.08,2022-09-27,active,Honduras,Port Louis,35. Scafell Green,AD
539.58,2022-06-01,inactive,Brazil,Moscow,95. Oakley Common,GT
249.51,2022-03-30,active,Gibraltar,Bahía Blanca,93. Enterprise Glen,EE
56.04,2022-06-02,,Comoros,Zagreb,89. Gatley Green,SC
179,2022-01-27,inactive,Yemen,Podgorica,25. Haven Celyn,HK
165.05,2022-11-04,in-delivery,Ghana,Seoul,86. Woodhall Green,AW
423,2022-08-28,active,Pakistan,Chişinău,71. Harrison Town,LR
170.67,2022-03-20,active,Fiji,Antananarivo,54. Maes Y Dafarn,DM
227.99,2022-03-09,in-delivery,Belgium,Dar es Salaam,60. Belvoir Loan,CL
536.86,2022-07-20,,New Caledonia,Mata-Utu,58. Chaucer Haven,IO
179.4,2022-08-17,active,Madagascar,Timbuktu,97. Napier Glen,AQ
545.14,2022-11-10,,Netherlands,Bergen,18. Wright Green,LR
66.12,2022-11-08,inactive,Swaziland,Kaliningrad,7. Haul Fryn,RW
224.58,2022-02-17,active,Bolivia,Muscat,64. Waverley Green,JM
339.43,2022-09-27,in-delivery,Qatar,Bandar Seri Begawan,23. Fisher Barton,CD
16.04,2022-06-11,inactive,"Micronesia, Federated States of",Johor Bahru,92. Albert Common,WS
88.12,2022-01-25,inactive,Åland Islands,Tórshavn,63. Pen-Y-Glyn,BA
546.42,2022-12-27,inactive,Zimbabwe,Portland,29. Florence Haven,EG
193.92,2022-01-12,in-delivery,Iraq,Vaduz,42. Chepstow Green,PW
107.6,2022-02-06,,American Samoa,Jinan,1. Mitchell Down,IS
60.67,2022-04-05,,China,Pelotas,27. Ffordd Tirion,BD
73.05,2022-11-24,active,Chad,Jersey City,74. Admirals Garden,AW
151.36,2022-01-02,inactive,Svalbard and Jan Mayen,Rabat,91. Heol Rhosyn,GA
552.34,2022-02-04,inactive,Vanuatu,Palikir,11. Minster Common,AM
551.09,2022-09-16,in-delivery,Monaco,Quebec City,39. Radford Haven,ID
183.77,2022-12-03,,Germany,Sabha,36. Woodstock Town,BB
590.59,2022-04-09,inactive,Chile,Horta (Azores),51. Billy Row Green,KG
465.22,2022-09-30,,Guinea,Sabha,93. Enterprise Glen,MW
575.59,2022-06-25,active,Holy See (Vatican City State),Vaduz,98. St Peters Warren,CI
54.72,2022-03-13,active,Saint Helena,Manama,89. Gatley Green,GP
328.35,2022-09-13,,Sudan,Marseille,26. Whitworth Garden,MN
491.41,2022-06-06,inactive,"Cote D""Ivoire",Nanning,100. Hogarth Loan,SG
10.42,2022-12-04,in-delivery,India,Ulan Bator,97. Napier Glen,NU
362.63,2022-02-25,active,Guernsey,Weno,92. Albert Common,MP
72.35,2022-12-14,,Cyprus,Campinas,14. Fallows Green,PT
335.69,2022-07-25,,Western Sahara,Islamabad,82. Bassett Common,KI
483.72,2022-06-29,,Nepal,Changchun,33. Nelson Glen,CC
60.99,2022-06-09,in-delivery,Mexico,Tiraspol,45. Chepstow Down,AD
125.43,2022-11-05,,Guinea-Bissau,Tampa,39. Radford Haven,VC
255.13,2022-12-11,inactive,Finland,Glasgow,87. Southgate Town,GT
504.8,2022-10-17,,Switzerland,Qingdao,16. Vine Warren,SZ
175.61,2022-02-03,,Cambodia,Dodoma,23. Fisher Barton,LT
350.61,2022-10-12,active,Austria,Cartagena,61. Ford Common,TH
272.28,2022-03-09,,Serbia and Montenegro,Toronto,28. Rye Garden,ER
448.25,2022-11-10,inactive,New Zealand,Miami,37. Earls Town,SD
551.24,2022-12-10,,Egypt,Chuí,63. Pen-Y-Glyn,RU
527.38,2022-08-07,active,Burkina Faso,Saint Petersburg,45. Chepstow Down,WF
233.78,2022-01-27,in-delivery,Tunisia,Malabo,12. Orion,NE
154.12,2022-09-26,,Samoa,Medina,58. Chaucer Haven,DK
295.68,2022-11-16,in-delivery,South Georgia and the South Sandwich Islands,İzmir,92. Albert Common,BH
186.3,2022-02-07,inactive,Azerbaijan,Kawasaki,72. Brompton Lawn,GI
561.21,2022-12-16,active,Afghanistan,Astana,17. Westwood Common,ER
117.52,2022-06-06,inactive,Western Sahara,New Orleans,44. Timline Green,HK
63.13,2022-05-28,in-delivery,Malta,Valparaíso,33. Nelson Glen,SM
461.72,2022-05-20,active,Saint Pierre and Miquelon,Pune,49. Robin Hood Green,TZ
107.39,2022-05-11,,Dominican Republic,Miri,27. Ffordd Tirion,MP
172.72,2022-12-13,inactive,Ukraine,Dublin,70. Oak Tree Haven,DO
75.36,2022-10-14,inactive,Malawi,Nagoya,86. Woodhall Green,GG
247.9,2022-07-28,in-delivery,Belgium,Dubai,68. King Town,HU
423.04,2022-01-30,,Pakistan,Mbabane,39. Radford Haven,HT
426.67,2022-10-06,,Djibouti,Fukuoka,25. Haven Celyn,AG
316.98,2022-04-04,inactive,"Palestinian Territory, Occupied",The Valley,57. Bunten Green,AG
57.9,2022-07-31,active,Western Sahara,Nukulaelae,89. Gatley Green,MA
581.17,2022-10-02,inactive,New Caledonia,Hangzhou,29. Florence Haven,FR
101.84,2022-07-31,active,Barbados,Gibraltar,83. Lords Celyn,YE
90.61,2022-10-02,,Saint Helena,Rio de Janeiro,76. Wentworth Warren,CX
464.23,2022-10-11,active,Sao Tome and Principe,Longyearbyen,24. Surrey Lawn,AG
422.23,2022-10-06,in-delivery,Israel,Alofi,70. Oak Tree Haven,ZM
111.01,2022-08-15,active,Belize,Sofia,68. King Town,MG
531.79,2022-08-16,active,Paraguay,Porto,40. Cypress Barton,FO
16.14,2022-01-10,inactive,Comoros,Hilo,62. Glan Ogwen,CA
262.45,2022-02-21,,"Palestinian Territory, Occupied",Marrakech,88. Heol Banc Y Felin,WS
527.86,2022-06-05,active,Kyrgyzstan,Sydney,85. Hilltop Haven,SZ
344.14,2022-06-07,inactive,Gibraltar,Kaesong,2. Haddon Loan,SO
490.33,2022-03-05,in-delivery,Aruba,Dunedin,64. Waverley Green,HU
371.98,2022-09-27,in-delivery,Guadeloupe,Dunedin,30. Stockwell Common,KY
215.75,2022-05-16,,"Palestinian Territory, Occupied",Ibadan,10. Ventnor Glen,HR
164.68,2022-10-29,,Fiji,Iqaluit,46. Heol-Y-Berllan,SZ
498.68,2022-02-12,,Estonia,Tripoli,47. Sheldare Barton,YE
217.93,2022-02-25,in-delivery,Costa Rica,Cairo,62. Glan Ogwen,UG
311.28,2022-11-20,inactive,Anguilla,New Delhi,68. King Town,DM
20.96,2022-02-19,,United States Minor Outlying Islands,Multan,60. Belvoir Loan,MV
211.96,2022-03-27,,El Salvador,Omdurman,100. Hogarth Loan,WF
300.09,2022-10-19,in-delivery,Bangladesh,Naypyidaw,61. Ford Common,KH
43.26,2022-02-26,inactive,Senegal,Stepanakert,27. Ffordd Tirion,UG
296.37,2022-03-05,active,Denmark,Ankara,70. Oak Tree Haven,LT
226.62,2022-09-12,inactive,Comoros,Saint John,51. Billy Row Green,CK
282.7,2022-09-02,in-delivery,"Virgin Islands, U.S.",Ahmedabad,15. Wisp Green,NU
23.28,2022-07-26,in-delivery,Niger,Bergen,26. Whitworth Garden,DK
394.85,2022-12-06,in-delivery,Thailand,Luxembourg (city),2. Haddon Loan,CI
25.07,2022-07-09,in-delivery,Congo,Hyderabad,7. Haul Fryn,BS
221.7,2022-11-21,,Tuvalu,Praia,67. Loch Striven,FO
355.41,2022-07-19,inactive,Burkina Faso,Juneau,97. Napier Glen,EH
363.83,2022-04-08,active,Angola,Dar es Salaam,36. Woodstock Town,AR
508.83,2022-03-04,,Haiti,Cayenne,92. Albert Common,CM
368.58,2022-04-21,in-delivery,Saint Kitts and Nevis,Moscow,22. Jesmond Town,KE
289.84,2022-12-30,inactive,Brunei Darussalam,Chennai,44. Timline Green,GW
117.36,2022-06-10,,Azerbaijan,Antwerp,83. Lords Celyn,CD
470.82,2022-08-22,active,Timor-Leste,Port Moresby,65. Raglan,ID
126.31,2022-02-23,in-delivery,Mayotte,Boston,51. Billy Row Green,LY
581.86,2022-06-16,,Liechtenstein,Skopje,73. Helston Down,JM
388.59,2022-09-30,in-delivery,Dominican Republic,Milwaukee,98. St Peters Warren,CM
288.59,2022-02-07,active,Venezuela,Chiang Mai,40. Cypress Barton,MS
357.12,2022-11-01,,Puerto Rico,New Delhi,23. Fisher Barton,BM
536.89,2022-05-11,,Anguilla,Puerto Williams,54. Maes Y Dafarn,GW
564.8,2022-07-12,in-delivery,Ghana,Daegu,12. Orion,QA
13.55,2022-01-31,,Suriname,Jeddah,76. Wentworth Warren,MV
563.6,2022-12-02,,Uzbekistan,San Juan,96. Heol Caerlan,GA
559.64,2022-11-24,,Lesotho,Greenwich,21. Burrell Green,FI
68.37,2022-05-19,,Uzbekistan,Almaty,28. Rye Garden,ML
158.16,2022-06-26,in-delivery,France,Kaohsiung,15. Wisp Green,PE
169.52,2022-01-09,,"Lao People""S Democratic Republic",Quebec City,98. St Peters Warren,SL
162.62,2022-06-08,active,Saint Kitts and Nevis,Kunming,83. Lords Celyn,IR
31.26,2022-01-03,inactive,Qatar,Guangzhou,37. Earls Town,PR
568.53,2022-03-11,in-delivery,Vanuatu,Da Nang,83. Lords Celyn,VI
372.02,2022-07-23,,Colombia,Luxembourg (city),60. Belvoir Loan,BF
242.49,2022-07-13,inactive,Belarus,Adana,49. Robin Hood Green,NL
340.12,2022-11-26,in-delivery,United States,St. George's,53. Kingsmoor Common,MP
387.28,2022-02-11,active,Honduras,Palikir,10. Ventnor Glen,IQ
480.87,2022-07-01,active,Bhutan,Amsterdam,26. Whitworth Garden,HT
477.98,2022-06-12,active,South Georgia and the South Sandwich Islands,Luxembourg (city),93. Enterprise Glen,GU
400.28,2022-08-25,active,Zambia,Marrakech,72. Brompton Lawn,VE
294.14,2022-11-21,in-delivery,"Moldova, Republic of",Perm,70. Oak Tree Haven,CY
322.48,2022-04-21,inactive,Gambia,Porto,54. Maes Y Dafarn,MH
472.65,2022-08-17,active,Malawi,Seattle,78. Oxford Celyn,LV
543.94,2022-11-24,,Togo,Lagos,10. Ventnor Glen,NR
54.41,2022-12-28,inactive,Belarus,Forked River,96. Heol Caerlan,CZ
452.01,2022-05-01,active,United States,Cairo,82. Bassett Common,GI
365.71,2022-04-21,inactive,Tajikistan,Mérida,63. Pen-Y-Glyn,MD
475.18,2022-09-20,,Ecuador,Wichita,96. Heol Caerlan,GH
64.85,2022-06-13,in-delivery,Gabon,Santo Domingo,65. Raglan,SZ
273.6,2022-10-10,in-delivery,Oman,Nassau,14. Fallows Green,SD
582.85,2022-05-26,inactive,Northern Mariana Islands,Brazzaville,93. Enterprise Glen,SH
104.89,2022-11-16,in-delivery,Mongolia,Iquitos,38. Moat Garden,NR
350.73,2022-02-26,active,Botswana,Kolkata,82. Bassett Common,CM
56.59,2022-08-04,,Christmas Island,Omsk,24. Surrey Lawn,ZA
298.15,2022-12-01,inactive,Namibia,Nairobi,32. Dillichip Loan,ES
67.94,2022-01-02,,"Korea, Republic of",Recife,35. Scafell Green,PT
196.2,2022-09-03,active,Cambodia,Ipoh,96. Heol Caerlan,TG
497.81,2022-09-16,inactive,"Cote D""Ivoire",Tripoli,44. Timline Green,KE
358.03,2022-12-22,active,Finland,Hangzhou,23. Fisher Barton,OM
262.56,2022-12-28,inactive,Brunei Darussalam,Luxor,33. Nelson Glen,KY
520.19,2022-07-23,in-delivery,Antigua and Barbuda,Riga,82. Bassett Common,MQ
65.97,2022-08-27,inactive,Kenya,Mersin,73. Helston Down,MH
17.72,2022-12-30,inactive,Paraguay,Koror,42. Chepstow Green,US
269.1,2022-08-16,in-delivery,Palau,San Juan,16. Vine Warren,ET
537.46,2022-10-11,,Guadeloupe,Curitiba,75. Empress Town,GA
235.35,2022-12-25,active,Libyan Arab Jamahiriya,Bergen,100. Hogarth Loan,RW
539.69,2022-05-31,,"Cote D""Ivoire",Santa Cruz de Tenerife,87. Southgate Town,TZ
126.27,2022-03-06,active,Panama,Saskatoon,25. Haven Celyn,CH
158.78,2022-02-27,active,Singapore,Quetzaltenango,99. Lord Down,LU
596.89,2022-01-30,,Israel,Curitiba,8. Poplar Green,IT
586.2,2022-02-11,inactive,Cook Islands,Boston,75. Empress Town,BG
213.49,2022-02-15,in-delivery,Mali,Handan,36. Woodstock Town,TK
60.71,2022-03-26,,Nicaragua,Honiara,35. Scafell Green,NU
580.11,2022-08-20,inactive,Anguilla,Istanbul,19. Potters Haven,LY
566.77,2022-12-22,active,Gambia,City of Halifax,64. Waverley Green,UZ
336.12,2022-11-21,,Venezuela,Porto Velho,67. Loch Striven,MD
139.95,2022-11-20,active,Grenada,Guatemala City,68. King Town,CK
197.04,2022-04-14,active,China,Valparaíso,88. Heol Banc Y Felin,GP
142.87,2022-06-03,in-delivery,Ethiopia,Yogyakarta (city),23. Fisher Barton,OM
208.06,2022-03-29,,Venezuela,Mbabane,59. Groes Lon,AF
209.56,2022-06-05,in-delivery,Viet Nam,Daegu,26. Whitworth Garden,GS
426.42,2022-02-09,,Libyan Arab Jamahiriya,Lviv,63. Pen-Y-Glyn,SB
406.33,2022-03-18,,Burkina Faso,Lisbon,14. Fallows Green,KN
363.08,2022-01-02,,Gambia,Budapest,42. Chepstow Green,FK
432.59,2022-02-09,inactive,Bahamas,Malmö,39. Radford Haven,CV
257.76,2022-10-22,in-delivery,Guatemala,Port Hedland,50. Goldfinch Haven,LA
508.27,2022-05-17,inactive,Malawi,Patna,42. Chepstow Green,VG
107.11,2022-01-25,,Philippines,San Diego,58. Chaucer Haven,CI
62.42,2022-12-10,active,Saint Kitts and Nevis,Astana,16. Vine Warren,IS
102.72,2022-01-16,in-delivery,Nauru,Bogotá,9. Culmington,ID
84.55,2022-10-19,,Guatemala,Port Vila,12. Orion,AX
54.99,2022-05-02,active,Georgia,Columbus,64. Waverley Green,TG
177.77,2022-10-26,inactive,Nepal,Zapopan,61. Ford Common,EH
263.87,2022-05-30,in-delivery,Norfolk Island,Sarajevo,39. Radford Haven,CV
225.51,2022-08-21,active,Canada,Whitehorse,59. Groes Lon,CG
319.4,2022-08-23,,Timor-Leste,Munich,1. Mitchell Down,CL
27,2022-03-24,in-delivery,Togo,Cuiabá,58. Chaucer Haven,IM
564.06,2022-12-14,,Cameroon,Baltimore,42. Chepstow Green,TV
238.31,2022-09-14,inactive,Thailand,Rotterdam,25. Haven Celyn,AM
254.14,2022-05-09,,Yemen,Aarhus,9. Culmington,SM
535.6,2022-03-09,,RWANDA,Kawasaki,23. Fisher Barton,GL
110.01,2022-02-27,in-delivery,Lithuania,Reykjavík,73. Helston Down,SR
205.83,2022-06-22,inactive,Kazakhstan,São Tomé,92. Albert Common,AZ
47.27,2022-08-22,in-delivery,Botswana,Monrovia,18. Wright Green,MZ
539.69,2022-08-06,in-delivery,Palau,Hyderabad,44. Timline Green,KW
13.6,2022-07-05,inactive,Holy See (Vatican City State),Maracaibo,39. Radford Haven,HR
489.32,2022-06-08,,Trinidad and Tobago,Ashgabat,43. Britannia Haven,VU
190.91,2022-03-11,in-delivery,Burkina Faso,Kuala Lumpur,48. Cranbrook Barton,BO
414.11,2022-08-18,inactive,Ukraine,Quebec City,29. Florence Haven,LT
343.82,2022-01-18,in-delivery,Slovenia,Greenwich,75. Empress Town,GU
596.61,2022-08-24,inactive,"Moldova, Republic of",Thimphu,78. Oxford Celyn,CY
123.68,2022-11-14,in-delivery,Panama,Labasa,84. Barton Turn,MA
410.34,2022-03-25,in-delivery,Sweden,Valencia,65. Raglan,CD
448.53,2022-08-30,in-delivery,Guyana,Moscow,7. Haul Fryn,TJ
38.93,2022-10-03,in-delivery,Mongolia,Dalian,15. Wisp Green,QA
221.24,2022-05-02,,Guam,Tashkent,99. Lord Down,TM
592.19,2022-09-17,active,Saudi Arabia,Addis Ababa,64. Waverley Green,LI
354.99,2022-10-04,inactive,Bhutan,Port-au-Prince,26. Whitworth Garden,CG
335.34,2022-08-10,inactive,Mexico,Bamako,17. Westwood Common,TH
578.67,2022-11-05,active,Greenland,Douglas,53. Kingsmoor Common,KZ
110.97,2022-04-23,inactive,Tonga,Nashville,36. Woodstock Town,SN
118.52,2022-02-01,active,Zambia,Port Hedland,38. Moat Garden,AQ
582.17,2022-09-07,inactive,Netherlands,Tagbilaran,77. Greenwood Barton,CZ
299.29,2022-11-11,active,Guinea,Belfast,91. Heol Rhosyn,CD
399.5,2022-03-04,,Samoa,Taiyuan,32. Dillichip Loan,NZ
111.45,2022-10-28,in-delivery,Fiji,Mérida,89. Gatley Green,CI
550.02,2022-06-06,,Pitcairn,Cologne,5. Rhiwderyn,SG
268.26,2022-10-13,,"Iran, Islamic Republic Of",Brazzaville,69. Cherry Green,AQ
85,2022-06-30,inactive,Ethiopia,Belmopan,81. Sherwood Green,AU
149.7,2022-07-27,,Bulgaria,Dededo,86. Woodhall Green,JP
378.98,2022-02-26,in-delivery,Spain,Veracruz,47. Sheldare Barton,CM
89.19,2022-09-07,active,Thailand,Charlotte Amalie,14. Fallows Green,NI
131.26,2022-05-31,,Colombia,Ambon,52. Llwyn-Y-Gelynen,FR
349.57,2022-09-06,active,Lebanon,Graz,26. Whitworth Garden,GE
198.7,2022-09-12,in-delivery,Saint Helena,Ciudad del Este,24. Surrey Lawn,CA
376.87,2022-08-30,in-delivery,Gambia,Skopje,16. Vine Warren,BB
163.43,2022-09-23,active,Georgia,Manchester,23. Fisher Barton,UG
13.36,2022-05-21,active,"Macedonia, The Former Yugoslav Republic of",Calgary,3. Stable Green,FK
492.14,2022-08-01,inactive,Russian Federation,Saint Petersburg,96. Heol Caerlan,LS
459.62,2022-10-26,active,Tokelau,Ashgabat,22. Jesmond Town,CO
161.14,2022-04-02,inactive,Niue,Columbus,4. Marigold Common,TK
141.02,2022-02-04,,Svalbard and Jan Mayen,Palembang,74. Admirals Garden,GY
355.4,2022-08-02,in-delivery,Croatia,Monterrey,50. Goldfinch Haven,QA
589.78,2022-12-31,,Antigua and Barbuda,Hamilton,73. Helston Down,LA
507.63,2022-06-08,,Mozambique,Ciudad del Este,55. Laurel Green,SY
107.68,2022-04-22,inactive,"Iran, Islamic Republic Of",Bangkok,42. Chepstow Green,CK
395.37,2022-08-14,,"Taiwan, Province of China",Indianapolis,1. Mitchell Down,PM
117.96,2022-04-09,in-delivery,"Congo, The Democratic Republic of the",Philadelphia,6. Carey Town,NO
383.42,2022-09-24,active,Lithuania,Málaga,14. Fallows Green,AS
223.58,2022-09-17,in-delivery,San Marino,Hanover,65. Raglan,TC
279.11,2022-09-24,in-delivery,Uruguay,Yerevan,41. Swan Common,ST
327.71,2022-06-07,,Iceland,Saint-Denis,69. Cherry Green,BY
411.04,2022-06-02,,Israel,Quezon City,56. Northfield Garden,BN
81.01,2022-03-19,,Brunei Darussalam,Cairo,90. Redcar Green,BN
548.26,2022-08-31,in-delivery,Lesotho,Wuhan,95. Oakley Common,CY
578.42,2022-12-08,,Guatemala,Valparaíso,45. Chepstow Down,EG
269.15,2022-01-08,in-delivery,Chile,Mérida,26. Whitworth Garden,AQ
80.44,2022-04-25,in-delivery,Somalia,Addis Ababa,98. St Peters Warren,PY
281.22,2022-11-19,in-delivery,Comoros,Chaguanas,67. Loch Striven,LK
275.8,2022-03-30,active,Greece,Vancouver,35. Scafell Green,LA
172.02,2022-07-07,active,Belize,Whitehorse,5. Rhiwderyn,US
132.56,2022-11-13,in-delivery,Marshall Islands,Hargeisa,44. Timline Green,ER
304.46,2022-09-25,inactive,Samoa,Shigatse,52. Llwyn-Y-Gelynen,ML
534.7,2022-03-11,active,Swaziland,Greenwich,31. Heol Celynnen,PL
594.95,2022-08-02,inactive,Saudi Arabia,Graz,41. Swan Common,BH
462.09,2022-02-03,active,Netherlands,Guatemala City,13. Plas Gwyn,BS
331.55,2022-04-30,,Comoros,Mexico City,45. Chepstow Down,VC
586.99,2022-07-13,,Tonga,Douala,51. Billy Row Green,CK
113.09,2022-08-29,inactive,Liechtenstein,Cardiff,54. Maes Y Dafarn,MM
538.43,2022-11-21,,Niger,Turin,29. Florence Haven,PF
485.67,2022-12-01,in-delivery,Jordan,Cayenne,19. Potters Haven,LK
93.39,2022-06-25,in-delivery,Slovakia,Dili,25. Haven Celyn,SA
28.5,2022-02-02,,Botswana,Boa Vista,91. Heol Rhosyn,KY
329.82,2022-11-05,in-delivery,Tunisia,Palikir,94. Woodcote Garden,KG
538.39,2022-01-22,active,Burundi,Chaguanas,43. Britannia Haven,AT
121.65,2022-02-17,in-delivery,Fiji,Chuí,87. Southgate Town,NR
218.99,2022-03-31,,Greece,Bandar Seri Begawan,73. Helston Down,RO
296.74,2022-10-10,in-delivery,Western Sahara,Nairobi,59. Groes Lon,BO
378.05,2022-09-29,inactive,Congo,Chihuahua,31. Heol Celynnen,RW
27.76,2022-11-07,in-delivery,Jersey,Maputo,31. Heol Celynnen,LS
423.32,2022-08-07,,Guyana,Asmara,24. Surrey Lawn,MU
40.14,2022-01-15,inactive,Pitcairn,San Francisco,5. Rhiwderyn,PF
560.31,2022-02-04,inactive,Comoros,Portland,12. Orion,DK
508.29,2022-12-19,active,Viet Nam,Seville,3. Stable Green,BY
217.78,2022-08-21,,"Virgin Islands, U.S.",Wuhan,4. Marigold Common,KZ
479.4,2022-07-26,,Peru,Port of Spain,98. St Peters Warren,TC
63.09,2022-07-29,active,Haiti,Kyoto,17. Westwood Common,US
192.35,2022-05-06,inactive,Heard Island and Mcdonald Islands,Makassar,48. Cranbrook Barton,BI
293.8,2022-03-27,,Cameroon,Libreville,60. Belvoir Loan,LS
395.72,2022-03-11,in-delivery,"Taiwan, Province of China",Milan,83. Lords Celyn,KR
386.26,2022-04-19,active,South Georgia and the South Sandwich Islands,St. Louis,14. Fallows Green,OM
553.36,2022-03-07,in-delivery,Heard Island and Mcdonald Islands,South Tarawa,22. Jesmond Town,IT
357.28,2022-12-21,,Macao,Thimphu,11. Minster Common,OM
206.67,2022-12-02,active,Switzerland,Davao City,55. Laurel Green,CY
127.91,2022-12-09,in-delivery,Cayman Islands,Djibouti (city),42. Chepstow Green,SE
442.25,2022-04-07,,Mali,Minsk,64. Waverley Green,PG
439.25,2022-12-09,active,Togo,Oklahoma City,80. Bute Down,EH
17.15,2022-04-17,inactive,Holy See (Vatican City State),Thiès,57. Bunten Green,TF
576.96,2022-11-28,active,Lithuania,Wichita,33. Nelson Glen,CZ
461,2022-02-09,,Cyprus,Kota Kinabalu,92. Albert Common,ET
63.03,2022-11-13,,Czech Republic,N'Djamena,86. Woodhall Green,VE
279.02,2022-09-06,inactive,Solomon Islands,Pelotas,28. Rye Garden,MC
130.55,2022-01-06,,Christmas Island,Anchorage,68. King Town,NG
232.31,2022-12-25,active,Fiji,Campinas,64. Waverley Green,AR
59.19,2022-03-27,active,"Iran, Islamic Republic Of",Libreville,30. Stockwell Common,PS
388.7,2022-09-04,inactive,Congo,Gangtok,83. Lords Celyn,KE
143.86,2022-06-19,active,Saint Kitts and Nevis,Sapporo,88. Heol Banc Y Felin,YT
95.4,2022-09-15,active,Egypt,Perm,78. Oxford Celyn,SR
559.04,2022-10-04,active,Italy,Frankfurt,69. Cherry Green,AM
303.33,2022-05-09,inactive,Zimbabwe,Naples,38. Moat Garden,AE
62.64,2022-10-11,inactive,Poland,Hanga Roa,91. Heol Rhosyn,CD
277.13,2022-03-02,in-delivery,Palau,Kandahar,79. Hilton Down,SY
83.83,2022-07-13,active,Ethiopia,Santa Cruz de Tenerife,62. Glan Ogwen,AF
390.3,2022-12-03,inactive,Puerto Rico,Helsinki,33. Nelson Glen,KZ
567.27,2022-10-30,inactive,Cameroon,Rockhampton,15. Wisp Green,FI
64.58,2022-01-01,,Jordan,Handan,39. Radford Haven,AG
22.87,2022-12-15,active,Switzerland,London,34. Cille Bha'nain,LC
201.55,2022-12-03,inactive,Japan,Fort-de-France,20. Petersfield Green,SK
465.44,2022-01-28,active,Tuvalu,Fort-de-France,8. Poplar Green,SC
163.62,2022-10-24,inactive,Croatia,São Tomé,58. Chaucer Haven,PW
237.17,2022-11-10,inactive,"Korea, Democratic People""S Republic of",Phuket (city),70. Oak Tree Haven,DE
208.92,2022-07-08,active,Brazil,Hamilton,59. Groes Lon,MY
510.67,2022-01-27,,"Taiwan, Province of China",Phnom Penh,60. Belvoir Loan,ID
273.46,2022-08-10,active,Belarus,Cartagena,16. Vine Warren,SK
489.11,2022-12-05,in-delivery,Morocco,Willemstad,82. Bassett Common,IT
351.46,2022-06-07,in-delivery,Iceland,Macapá,69. Cherry Green,PG
310.46,2022-01-19,inactive,Bermuda,Boa Vista,20. Petersfield Green,IE
247.32,2022-11-14,,"Lao People""S Democratic Republic",Lubumbashi,29. Florence Haven,HK
316.77,2022-01-09,,Venezuela,Louisville,47. Sheldare Barton,SZ
174.64,2022-01-11,,American Samoa,Nagoya,73. Helston Down,PN
103.81,2022-11-09,inactive,Germany,San Antonio,7. Haul Fryn,IT
582.53,2022-08-12,inactive,Norway,Suva,89. Gatley Green,LU
74.58,2022-10-21,inactive,Bahrain,Columbus,29. Florence Haven,PR
243.15,2022-06-05,inactive,Guyana,Busan,68. King Town,SO
503.98,2022-02-10,,Japan,Hamilton,55. Laurel Green,GL
24.31,2022-07-07,inactive,Equatorial Guinea,Saint-Pierre,87. Southgate Town,VE
137.77,2022-09-03,active,Luxembourg,Nouméa,78. Oxford Celyn,TZ
267.66,2022-01-08,in-delivery,Western Sahara,Kawasaki,87. Southgate Town,BT
356.48,2022-06-09,inactive,Libyan Arab Jamahiriya,Dili,8. Poplar Green,ER
24.47,2022-07-13,in-delivery,Sweden,Linz,54. Maes Y Dafarn,NL
139.85,2022-12-19,inactive,Isle of Man,Cebu City,52. Llwyn-Y-Gelynen,SB
93.83,2022-12-14,inactive,Holy See (Vatican City State),Baghdad,41. Swan Common,YE
525.53,2022-01-21,inactive,Afghanistan,Budapest,19. Potters Haven,SN
446.47,2022-06-03,in-delivery,Guernsey,Recife,13. Plas Gwyn,ID
546.81,2022-04-16,,Samoa,Bogor,44. Timline Green,FK
111.93,2022-05-25,,Netherlands Antilles,Nouakchott,44. Timline Green,NG
277.64,2022-09-24,,"Iran, Islamic Republic Of",San Salvador,13. Plas Gwyn,TO
260.8,2022-06-04,active,Ecuador,Jinan,11. Minster Common,AZ
102.45,2022-02-24,inactive,Benin,Saskatoon,52. Llwyn-Y-Gelynen,EG
532.74,2022-04-09,,Uzbekistan,Wellington,96. Heol Caerlan,ER
461.57,2022-04-27,,Equatorial Guinea,Medan,85. Hilltop Haven,BE
291.51,2022-11-19,inactive,Heard Island and Mcdonald Islands,Kingston,42. Chepstow Green,DE
471.53,2022-09-21,inactive,Falkland Islands (Malvinas),Taipei,21. Burrell Green,MQ
311.33,2022-03-01,active,Poland,Toulouse,92. Albert Common,BG
590.9,2022-01-11,,Burundi,San Juan,28. Rye Garden,MY
513.9,2022-06-16,active,Pakistan,Bangalore,19. Potters Haven,ZA
71.42,2022-04-24,inactive,Cape Verde,Strasbourg,82. Bassett Common,CI
342.25,2022-08-29,active,Guam,Rabi Island,94. Woodcote Garden,TW
149.42,2022-06-15,,Iraq,Lobamba,12. Orion,IS
442.38,2022-07-19,,Tajikistan,Tehran,93. Enterprise Glen,PR
434.72,2022-09-22,,El Salvador,Helsinki,28. Rye Garden,BO
297.29,2022-02-13,inactive,Nauru,Ambon,72. Brompton Lawn,KW
318.19,2022-03-04,,Oman,Nouakchott,81. Sherwood Green,MM
111.67,2022-06-03,in-delivery,Guinea-Bissau,Iqaluit,97. Napier Glen,GP
566.67,2022-06-17,active,United Arab Emirates,Enugu,19. Potters Haven,TK
49.4,2022-03-23,in-delivery,Sao Tome and Principe,Invercargill,1. Mitchell Down,AO
116.76,2022-05-23,inactive,Qatar,Bangalore,84. Barton Turn,GU
392.47,2022-06-03,,Luxembourg,Porto Velho,98. St Peters Warren,BF
117.82,2022-05-19,active,French Polynesia,Forked River,9. Culmington,SM
248.32,2022-01-16,in-delivery,Sudan,Boston,17. Westwood Common,BO
270.93,2022-03-29,in-delivery,Belize,Dili,37. Earls Town,KN
250.13,2022-03-22,active,Papua New Guinea,Thessaloniki,68. King Town,FI
153.9,2022-10-11,active,Austria,Serekunda,95. Oakley Common,NP
24.02,2022-03-20,active,Serbia and Montenegro,Oklahoma City,55. Laurel Green,VI
355.52,2022-12-23,inactive,Saint Kitts and Nevis,Belfast,45. Chepstow Down,SR
152.26,2022-04-13,,Belgium,Tagbilaran,43. Britannia Haven,BD
538.29,2022-04-02,in-delivery,Liberia,Kiev,47. Sheldare Barton,GU
493.59,2022-03-14,active,United States,Nizhny Novgorod,4. Marigold Common,MD
397.21,2022-10-30,,Holy See (Vatican City State),Columbus,19. Potters Haven,CI
442.03,2022-08-28,inactive,Montserrat,Riverside,52. Llwyn-Y-Gelynen,GT
49.89,2022-08-19,active,Philippines,Cebu City,41. Swan Common,JO
171.86,2022-04-13,in-delivery,Guinea-Bissau,Shanghai,45. Chepstow Down,GQ
368.4,2022-09-26,active,Chad,Dili,10. Ventnor Glen,YT
443.24,2022-05-05,active,Guernsey,Leipzig,42. Chepstow Green,GQ
35.48,2022-01-13,active,United Kingdom,Longyearbyen,34. Cille Bha'nain,LU
204.85,2022-06-02,in-delivery,Svalbard and Jan Mayen,Palembang,24. Surrey Lawn,TT
130.04,2022-01-03,inactive,Belgium,Jamestown,52. Llwyn-Y-Gelynen,VC
451.09,2022-11-23,,Mauritius,Ankara,86. Woodhall Green,NI
144.63,2022-10-13,inactive,Macao,Espoo,30. Stockwell Common,MH
38.48,2022-08-27,in-delivery,Falkland Islands (Malvinas),Cartagena,25. Haven Celyn,NF
575.42,2022-04-28,in-delivery,Portugal,Iquitos,3. Stable Green,MM
77.31,2022-11-01,in-delivery,Saint Vincent and the Grenadines,Las Vegas,43. Britannia Haven,SI
238.8,2022-08-29,active,Mauritius,Puerto Williams,93. Enterprise Glen,EG
61.93,2022-02-24,,Marshall Islands,City of San Marino,67. Loch Striven,NL
216.76,2022-05-03,inactive,Georgia,Adak,31. Heol Celynnen,CZ
227.38,2022-05-01,,Turkmenistan,Sydney,5. Rhiwderyn,ER
112.95,2022-03-20,,Croatia,Hanover,60. Belvoir Loan,FK
463.75,2022-09-05,active,"Taiwan, Province of China",Iqaluit,73. Helston Down,ZA
134.53,2022-03-13,,Liechtenstein,Taiyuan,33. Nelson Glen,AR
163.13,2022-10-24,in-delivery,Turkey,Graz,99. Lord Down,MS
37.61,2022-04-03,inactive,Finland,Belize City,66. Brick Kiln Glen,SO
519.05,2022-03-26,active,French Southern Territories,Moscow,41. Swan Common,UA
135.63,2022-03-12,active,Mozambique,San Diego,50. Goldfinch Haven,MQ